<?xml version="1.0"?>
<doc>
    <assembly>
        <name>TestProject1.Web.Core</name>
    </assembly>
    <members>
        <member name="T:TestProject1.Web.Core.LoggingServiceCollecttionExtension">
            <summary>
            日志输出扩展
            </summary>
        </member>
        <member name="M:TestProject1.Web.Core.LoggingServiceCollecttionExtension.AddFileLoggings(Microsoft.Extensions.DependencyInjection.IServiceCollection)">
            <summary>
            日志输出到文件
            </summary>
            <param name="services"></param>
            <returns></returns>
        </member>
        <member name="M:TestProject1.Web.Core.LoggingServiceCollecttionExtension.AddOtherLoggings(Microsoft.Extensions.DependencyInjection.IServiceCollection)">
            <summary>
            日志输出到数据库/其他介质
            </summary>
            <param name="services"></param>
            <returns></returns>
        </member>
    </members>
</doc>
