﻿{
  "$schema": "https://gitee.com/dotnetchina/Furion/raw/net6/schemas/v3/furion-schema.json",
  "SpecificationDocumentSettings": {
    "DocumentTitle": "Furion | 规范化接口",
    "GroupOpenApiInfos": [
      {
        "Group": "Default",
        "Title": "规范化接口演示",
        "Description": "让 .NET 开发更简单，更通用，更流行。",
        "Version": "1.0.0",
        "TermsOfService": "https://furion.icu",
        "Contact": {
          "Name": "百小僧",
          "Url": "https://gitee.com/monksoul",
          "Email": "monksoul@outlook.com"
        },
        "License": {
          "Name": "Apache-2.0",
          "Url": "https://gitee.com/dotnetchina/Furion/blob/rc1/LICENSE"
        }
      }
    ]
  },
  "CorsAccessorSettings": {
    "WithExposedHeaders": [
      "access-token",
      "x-access-token",
      "environment"
    ]
  }
}